,VH,VV,date,system:index,id,cover,ff
0,-31.37367928568297,-18.135168442206417,07-04-2019,S1A_IW_GRDH_1SDV_20190407T194020_20190407T194045_026688_02FEDA_BE1E,1,non-woody-winsen,4/8
1,-28.606526977113568,-18.111348761588122,19-04-2019,S1A_IW_GRDH_1SDV_20190419T194020_20190419T194045_026863_030533_79F4,1,non-woody-winsen,4/8
2,-14.569666337615184,-9.534521022844698,01-05-2019,S1A_IW_GRDH_1SDV_20190501T194021_20190501T194046_027038_030B91_8978,1,non-woody-winsen,4/8
3,-25.314919310849298,-14.614332426861147,13-05-2019,S1A_IW_GRDH_1SDV_20190513T194021_20190513T194046_027213_031167_863B,1,non-woody-winsen,4/8
4,-26.796599808861725,-17.002599875300877,25-05-2019,S1A_IW_GRDH_1SDV_20190525T194022_20190525T194047_027388_0316E0_FBDC,1,non-woody-winsen,4/8
5,-28.362691642886347,-18.707665389720606,06-06-2019,S1A_IW_GRDH_1SDV_20190606T194022_20190606T194047_027563_031C4A_51BD,1,non-woody-winsen,4/8
6,-33.07031798969696,-17.91181706405352,18-06-2019,S1A_IW_GRDH_1SDV_20190618T194023_20190618T194048_027738_032190_46D2,1,non-woody-winsen,4/8
7,-29.011201760908584,-16.01072760894238,30-06-2019,S1A_IW_GRDH_1SDV_20190630T194024_20190630T194049_027913_0326C8_43EC,1,non-woody-winsen,4/8
8,-20.643451448702052,-13.777691215870757,12-07-2019,S1A_IW_GRDH_1SDV_20190712T194024_20190712T194049_028088_032C17_8ED2,1,non-woody-winsen,4/8
9,-30.680153429447987,-18.08399538700145,24-07-2019,S1A_IW_GRDH_1SDV_20190724T194025_20190724T194050_028263_033161_3620,1,non-woody-winsen,4/8
10,-33.60736521902127,-18.003701949146524,05-08-2019,S1A_IW_GRDH_1SDV_20190805T194026_20190805T194051_028438_0336BC_6F79,1,non-woody-winsen,4/8
11,-26.943578420604414,-16.435051155152767,17-08-2019,S1A_IW_GRDH_1SDV_20190817T194027_20190817T194052_028613_033CA7_D31C,1,non-woody-winsen,4/8
12,-27.181759967752914,-18.405357877407763,29-08-2019,S1A_IW_GRDH_1SDV_20190829T194027_20190829T194052_028788_0342C9_20F1,1,non-woody-winsen,4/8
13,-27.295959108243267,-19.562064023113564,10-09-2019,S1A_IW_GRDH_1SDV_20190910T194028_20190910T194053_028963_0348E4_4D6E,1,non-woody-winsen,4/8
14,-31.293874949143927,-19.591363780178774,22-09-2019,S1A_IW_GRDH_1SDV_20190922T194029_20190922T194054_029138_034ED9_046F,1,non-woody-winsen,4/8
15,-28.948554848840086,-19.951577575066317,04-10-2019,S1A_IW_GRDH_1SDV_20191004T194029_20191004T194054_029313_0354E0_FD4D,1,non-woody-winsen,4/8
16,-26.521995886434027,-17.416450343111002,16-10-2019,S1A_IW_GRDH_1SDV_20191016T194029_20191016T194054_029488_035AEA_0C5D,1,non-woody-winsen,4/8
17,-29.658774369203154,-19.625677156539055,28-10-2019,S1A_IW_GRDH_1SDV_20191028T194029_20191028T194054_029663_0360F5_FDC4,1,non-woody-winsen,4/8
18,-28.044383038411198,-19.30837534873706,09-11-2019,S1A_IW_GRDH_1SDV_20191109T194029_20191109T194054_029838_036724_9C22,1,non-woody-winsen,4/8
19,-29.39677582927151,-19.266500113980808,21-11-2019,S1A_IW_GRDH_1SDV_20191121T194029_20191121T194054_030013_036D2C_539D,1,non-woody-winsen,4/8
20,-29.13566285882938,-19.455052887068476,03-12-2019,S1A_IW_GRDH_1SDV_20191203T194028_20191203T194053_030188_03733E_F411,1,non-woody-winsen,4/8
21,-30.386906654922647,-19.465523731208737,15-12-2019,S1A_IW_GRDH_1SDV_20191215T194028_20191215T194053_030363_037949_77E4,1,non-woody-winsen,4/8
22,-27.88804999630297,-17.616311279439362,27-12-2019,S1A_IW_GRDH_1SDV_20191227T194027_20191227T194052_030538_037F52_6EE0,1,non-woody-winsen,4/8
0,-29.319797778703972,-17.88651231982243,07-04-2019,S1A_IW_GRDH_1SDV_20190407T194020_20190407T194045_026688_02FEDA_BE1E,2,non-woody,0
1,-27.263805424767188,-18.295780130420727,19-04-2019,S1A_IW_GRDH_1SDV_20190419T194020_20190419T194045_026863_030533_79F4,2,non-woody,0
2,-17.450933892121128,-10.635373200147136,01-05-2019,S1A_IW_GRDH_1SDV_20190501T194021_20190501T194046_027038_030B91_8978,2,non-woody,0
3,-24.423366557155493,-15.653816918748594,13-05-2019,S1A_IW_GRDH_1SDV_20190513T194021_20190513T194046_027213_031167_863B,2,non-woody,0
4,-25.817026613648725,-15.63747397449804,25-05-2019,S1A_IW_GRDH_1SDV_20190525T194022_20190525T194047_027388_0316E0_FBDC,2,non-woody,0
5,-25.88542531531469,-16.624642468391574,06-06-2019,S1A_IW_GRDH_1SDV_20190606T194022_20190606T194047_027563_031C4A_51BD,2,non-woody,0
6,-26.049198419031747,-17.14280834446804,18-06-2019,S1A_IW_GRDH_1SDV_20190618T194023_20190618T194048_027738_032190_46D2,2,non-woody,0
7,-22.3720722026571,-13.584726178206681,30-06-2019,S1A_IW_GRDH_1SDV_20190630T194024_20190630T194049_027913_0326C8_43EC,2,non-woody,0
8,-20.38975621057177,-14.36817837573889,12-07-2019,S1A_IW_GRDH_1SDV_20190712T194024_20190712T194049_028088_032C17_8ED2,2,non-woody,0
9,-22.85816135784556,-15.765981696465973,24-07-2019,S1A_IW_GRDH_1SDV_20190724T194025_20190724T194050_028263_033161_3620,2,non-woody,0
10,-23.600840500575885,-16.96852498222041,05-08-2019,S1A_IW_GRDH_1SDV_20190805T194026_20190805T194051_028438_0336BC_6F79,2,non-woody,0
11,-24.56762442590797,-17.039944597451047,17-08-2019,S1A_IW_GRDH_1SDV_20190817T194027_20190817T194052_028613_033CA7_D31C,2,non-woody,0
12,-25.85258468279173,-17.321193595811337,29-08-2019,S1A_IW_GRDH_1SDV_20190829T194027_20190829T194052_028788_0342C9_20F1,2,non-woody,0
13,-27.10720242707787,-17.468939317569216,10-09-2019,S1A_IW_GRDH_1SDV_20190910T194028_20190910T194053_028963_0348E4_4D6E,2,non-woody,0
14,-26.4567442058379,-18.214735265793593,22-09-2019,S1A_IW_GRDH_1SDV_20190922T194029_20190922T194054_029138_034ED9_046F,2,non-woody,0
15,-26.93596240204722,-17.497682847892733,04-10-2019,S1A_IW_GRDH_1SDV_20191004T194029_20191004T194054_029313_0354E0_FD4D,2,non-woody,0
16,-25.29847470111181,-14.935571420009909,16-10-2019,S1A_IW_GRDH_1SDV_20191016T194029_20191016T194054_029488_035AEA_0C5D,2,non-woody,0
17,-29.77623884257807,-17.05789813744436,28-10-2019,S1A_IW_GRDH_1SDV_20191028T194029_20191028T194054_029663_0360F5_FDC4,2,non-woody,0
18,-26.39127052771556,-18.070377605764964,09-11-2019,S1A_IW_GRDH_1SDV_20191109T194029_20191109T194054_029838_036724_9C22,2,non-woody,0
19,-26.939940163006334,-17.705475581633042,21-11-2019,S1A_IW_GRDH_1SDV_20191121T194029_20191121T194054_030013_036D2C_539D,2,non-woody,0
20,-28.797649670024015,-17.26017770002184,03-12-2019,S1A_IW_GRDH_1SDV_20191203T194028_20191203T194053_030188_03733E_F411,2,non-woody,0
21,-26.488766193048395,-17.827889373465396,15-12-2019,S1A_IW_GRDH_1SDV_20191215T194028_20191215T194053_030363_037949_77E4,2,non-woody,0
22,-26.80399611282341,-17.801452094669312,27-12-2019,S1A_IW_GRDH_1SDV_20191227T194027_20191227T194052_030538_037F52_6EE0,2,non-woody,0
0,-27.32559222243625,-17.013893375800397,07-04-2019,S1A_IW_GRDH_1SDV_20190407T194020_20190407T194045_026688_02FEDA_BE1E,3,non-woody-winsen,5.8
1,-22.4064444418308,-16.380488767171247,19-04-2019,S1A_IW_GRDH_1SDV_20190419T194020_20190419T194045_026863_030533_79F4,3,non-woody-winsen,5.8
2,-15.0060830899463,-11.662863068004357,01-05-2019,S1A_IW_GRDH_1SDV_20190501T194021_20190501T194046_027038_030B91_8978,3,non-woody-winsen,5.8
3,-21.643015220559533,-13.80825516175336,13-05-2019,S1A_IW_GRDH_1SDV_20190513T194021_20190513T194046_027213_031167_863B,3,non-woody-winsen,5.8
4,-24.181211733502472,-15.793741327220292,25-05-2019,S1A_IW_GRDH_1SDV_20190525T194022_20190525T194047_027388_0316E0_FBDC,3,non-woody-winsen,5.8
5,-26.72180534391012,-16.969704558813202,06-06-2019,S1A_IW_GRDH_1SDV_20190606T194022_20190606T194047_027563_031C4A_51BD,3,non-woody-winsen,5.8
6,-27.58172513529977,-17.658754928912114,18-06-2019,S1A_IW_GRDH_1SDV_20190618T194023_20190618T194048_027738_032190_46D2,3,non-woody-winsen,5.8
7,-25.285076510181913,-15.20127560910045,30-06-2019,S1A_IW_GRDH_1SDV_20190630T194024_20190630T194049_027913_0326C8_43EC,3,non-woody-winsen,5.8
8,-20.67172806349541,-12.464834245903237,12-07-2019,S1A_IW_GRDH_1SDV_20190712T194024_20190712T194049_028088_032C17_8ED2,3,non-woody-winsen,5.8
9,-25.56401986425255,-16.896229079522602,24-07-2019,S1A_IW_GRDH_1SDV_20190724T194025_20190724T194050_028263_033161_3620,3,non-woody-winsen,5.8
10,-27.626175141786547,-17.344972138527496,05-08-2019,S1A_IW_GRDH_1SDV_20190805T194026_20190805T194051_028438_0336BC_6F79,3,non-woody-winsen,5.8
11,-27.800789654046213,-16.158134447946832,17-08-2019,S1A_IW_GRDH_1SDV_20190817T194027_20190817T194052_028613_033CA7_D31C,3,non-woody-winsen,5.8
12,-28.96027951837188,-17.65661250751607,29-08-2019,S1A_IW_GRDH_1SDV_20190829T194027_20190829T194052_028788_0342C9_20F1,3,non-woody-winsen,5.8
13,-32.957559740807106,-17.915082388584306,10-09-2019,S1A_IW_GRDH_1SDV_20190910T194028_20190910T194053_028963_0348E4_4D6E,3,non-woody-winsen,5.8
14,-27.891537315457416,-18.575795286424164,22-09-2019,S1A_IW_GRDH_1SDV_20190922T194029_20190922T194054_029138_034ED9_046F,3,non-woody-winsen,5.8
15,-27.04747631366603,-18.168610587734623,04-10-2019,S1A_IW_GRDH_1SDV_20191004T194029_20191004T194054_029313_0354E0_FD4D,3,non-woody-winsen,5.8
16,-22.325501169305962,-16.51332253889478,16-10-2019,S1A_IW_GRDH_1SDV_20191016T194029_20191016T194054_029488_035AEA_0C5D,3,non-woody-winsen,5.8
17,-28.421209424900688,-18.001062202435758,28-10-2019,S1A_IW_GRDH_1SDV_20191028T194029_20191028T194054_029663_0360F5_FDC4,3,non-woody-winsen,5.8
18,-26.10436545439586,-18.124690411863828,09-11-2019,S1A_IW_GRDH_1SDV_20191109T194029_20191109T194054_029838_036724_9C22,3,non-woody-winsen,5.8
19,-25.696580882356628,-18.082566845695986,21-11-2019,S1A_IW_GRDH_1SDV_20191121T194029_20191121T194054_030013_036D2C_539D,3,non-woody-winsen,5.8
20,-25.838601717445165,-17.877255035146963,03-12-2019,S1A_IW_GRDH_1SDV_20191203T194028_20191203T194053_030188_03733E_F411,3,non-woody-winsen,5.8
21,-24.69427176404402,-17.54360712902894,15-12-2019,S1A_IW_GRDH_1SDV_20191215T194028_20191215T194053_030363_037949_77E4,3,non-woody-winsen,5.8
22,-27.400705293623716,-18.412889009597407,27-12-2019,S1A_IW_GRDH_1SDV_20191227T194027_20191227T194052_030538_037F52_6EE0,3,non-woody-winsen,5.8
0,-21.383929729378377,-13.278515085619281,07-04-2019,S1A_IW_GRDH_1SDV_20190407T194020_20190407T194045_026688_02FEDA_BE1E,4,waterbody,7/8
1,-22.208850644380977,-14.30261804741234,19-04-2019,S1A_IW_GRDH_1SDV_20190419T194020_20190419T194045_026863_030533_79F4,4,waterbody,7/8
2,-15.779979851720892,-9.116851126658766,01-05-2019,S1A_IW_GRDH_1SDV_20190501T194021_20190501T194046_027038_030B91_8978,4,waterbody,7/8
3,-24.788206217565936,-12.305317678198398,13-05-2019,S1A_IW_GRDH_1SDV_20190513T194021_20190513T194046_027213_031167_863B,4,waterbody,7/8
4,-26.903128923471236,-13.323061689829984,25-05-2019,S1A_IW_GRDH_1SDV_20190525T194022_20190525T194047_027388_0316E0_FBDC,4,waterbody,7/8
5,-24.91850060853634,-16.238741564329843,06-06-2019,S1A_IW_GRDH_1SDV_20190606T194022_20190606T194047_027563_031C4A_51BD,4,waterbody,7/8
6,-26.704215690554733,-14.591616936513361,18-06-2019,S1A_IW_GRDH_1SDV_20190618T194023_20190618T194048_027738_032190_46D2,4,waterbody,7/8
7,-23.25987010015091,-12.575357008919008,30-06-2019,S1A_IW_GRDH_1SDV_20190630T194024_20190630T194049_027913_0326C8_43EC,4,waterbody,7/8
8,-33.00273039781207,-19.38146128097219,12-07-2019,S1A_IW_GRDH_1SDV_20190712T194024_20190712T194049_028088_032C17_8ED2,4,waterbody,7/8
9,-31.838070879983956,-25.624678903820264,24-07-2019,S1A_IW_GRDH_1SDV_20190724T194025_20190724T194050_028263_033161_3620,4,waterbody,7/8
10,-31.110940856261927,-24.860474421434056,05-08-2019,S1A_IW_GRDH_1SDV_20190805T194026_20190805T194051_028438_0336BC_6F79,4,waterbody,7/8
11,-29.7737218725403,-20.577853950566535,17-08-2019,S1A_IW_GRDH_1SDV_20190817T194027_20190817T194052_028613_033CA7_D31C,4,waterbody,7/8
12,-29.1668237933071,-20.435518129322844,29-08-2019,S1A_IW_GRDH_1SDV_20190829T194027_20190829T194052_028788_0342C9_20F1,4,waterbody,7/8
13,-23.50832483989984,-11.725583859462406,10-09-2019,S1A_IW_GRDH_1SDV_20190910T194028_20190910T194053_028963_0348E4_4D6E,4,waterbody,7/8
14,-26.271696483790556,-13.373415457201089,22-09-2019,S1A_IW_GRDH_1SDV_20190922T194029_20190922T194054_029138_034ED9_046F,4,waterbody,7/8
15,-29.48046956970246,-15.445068980388202,04-10-2019,S1A_IW_GRDH_1SDV_20191004T194029_20191004T194054_029313_0354E0_FD4D,4,waterbody,7/8
16,-26.767855121119407,-14.100699092206328,16-10-2019,S1A_IW_GRDH_1SDV_20191016T194029_20191016T194054_029488_035AEA_0C5D,4,waterbody,7/8
17,-26.968042323112556,-15.287950477524825,28-10-2019,S1A_IW_GRDH_1SDV_20191028T194029_20191028T194054_029663_0360F5_FDC4,4,waterbody,7/8
18,-22.4480571004941,-15.022550666249513,09-11-2019,S1A_IW_GRDH_1SDV_20191109T194029_20191109T194054_029838_036724_9C22,4,waterbody,7/8
19,-32.83800611908128,-21.58978649744465,21-11-2019,S1A_IW_GRDH_1SDV_20191121T194029_20191121T194054_030013_036D2C_539D,4,waterbody,7/8
20,-33.419572244203906,-22.347274349810053,03-12-2019,S1A_IW_GRDH_1SDV_20191203T194028_20191203T194053_030188_03733E_F411,4,waterbody,7/8
21,-26.36180671499017,-17.5670549643315,15-12-2019,S1A_IW_GRDH_1SDV_20191215T194028_20191215T194053_030363_037949_77E4,4,waterbody,7/8
22,-24.300933952259253,-14.083048023047843,27-12-2019,S1A_IW_GRDH_1SDV_20191227T194027_20191227T194052_030538_037F52_6EE0,4,waterbody,7/8
0,-25.273206606673774,-14.775743487541822,07-04-2019,S1A_IW_GRDH_1SDV_20190407T194020_20190407T194045_026688_02FEDA_BE1E,5,non-woody,5/8
1,-24.00951164663938,-14.626932408424558,19-04-2019,S1A_IW_GRDH_1SDV_20190419T194020_20190419T194045_026863_030533_79F4,5,non-woody,5/8
2,-17.51655712153576,-10.142784984584509,01-05-2019,S1A_IW_GRDH_1SDV_20190501T194021_20190501T194046_027038_030B91_8978,5,non-woody,5/8
3,-24.13252946250994,-13.20369847308112,13-05-2019,S1A_IW_GRDH_1SDV_20190513T194021_20190513T194046_027213_031167_863B,5,non-woody,5/8
4,-24.78396110518712,-14.08871029538932,25-05-2019,S1A_IW_GRDH_1SDV_20190525T194022_20190525T194047_027388_0316E0_FBDC,5,non-woody,5/8
5,-24.32735148970778,-15.347803335517423,06-06-2019,S1A_IW_GRDH_1SDV_20190606T194022_20190606T194047_027563_031C4A_51BD,5,non-woody,5/8
6,-26.71245136018221,-15.561876841839602,18-06-2019,S1A_IW_GRDH_1SDV_20190618T194023_20190618T194048_027738_032190_46D2,5,non-woody,5/8
7,-26.8866571940058,-15.37393845293895,30-06-2019,S1A_IW_GRDH_1SDV_20190630T194024_20190630T194049_027913_0326C8_43EC,5,non-woody,5/8
8,-23.770434327256368,-12.95774185652869,12-07-2019,S1A_IW_GRDH_1SDV_20190712T194024_20190712T194049_028088_032C17_8ED2,5,non-woody,5/8
9,-26.227296297042827,-15.839960651255122,24-07-2019,S1A_IW_GRDH_1SDV_20190724T194025_20190724T194050_028263_033161_3620,5,non-woody,5/8
10,-24.641972667334414,-17.140862264944953,05-08-2019,S1A_IW_GRDH_1SDV_20190805T194026_20190805T194051_028438_0336BC_6F79,5,non-woody,5/8
11,-24.362491823129766,-15.286467795561304,17-08-2019,S1A_IW_GRDH_1SDV_20190817T194027_20190817T194052_028613_033CA7_D31C,5,non-woody,5/8
12,-24.452557385451257,-16.35384123915732,29-08-2019,S1A_IW_GRDH_1SDV_20190829T194027_20190829T194052_028788_0342C9_20F1,5,non-woody,5/8
13,-27.150385488254837,-16.726771723290856,10-09-2019,S1A_IW_GRDH_1SDV_20190910T194028_20190910T194053_028963_0348E4_4D6E,5,non-woody,5/8
14,-23.67883432226869,-16.69914805982193,22-09-2019,S1A_IW_GRDH_1SDV_20190922T194029_20190922T194054_029138_034ED9_046F,5,non-woody,5/8
15,-22.383843301025276,-15.51121156742551,04-10-2019,S1A_IW_GRDH_1SDV_20191004T194029_20191004T194054_029313_0354E0_FD4D,5,non-woody,5/8
16,-23.898730759821824,-14.764077517967012,16-10-2019,S1A_IW_GRDH_1SDV_20191016T194029_20191016T194054_029488_035AEA_0C5D,5,non-woody,5/8
17,-24.36928397703839,-15.165784685236117,28-10-2019,S1A_IW_GRDH_1SDV_20191028T194029_20191028T194054_029663_0360F5_FDC4,5,non-woody,5/8
18,-22.6664935392216,-16.09949734737656,09-11-2019,S1A_IW_GRDH_1SDV_20191109T194029_20191109T194054_029838_036724_9C22,5,non-woody,5/8
19,-21.10650690885416,-15.203413690649926,21-11-2019,S1A_IW_GRDH_1SDV_20191121T194029_20191121T194054_030013_036D2C_539D,5,non-woody,5/8
20,-23.2736837734978,-15.862106239259228,03-12-2019,S1A_IW_GRDH_1SDV_20191203T194028_20191203T194053_030188_03733E_F411,5,non-woody,5/8
21,-20.756858119255597,-15.005980021084985,15-12-2019,S1A_IW_GRDH_1SDV_20191215T194028_20191215T194053_030363_037949_77E4,5,non-woody,5/8
22,-20.94687941742816,-15.004340821214965,27-12-2019,S1A_IW_GRDH_1SDV_20191227T194027_20191227T194052_030538_037F52_6EE0,5,non-woody,5/8
0,-30.53405355619621,-18.96704818500221,07-04-2019,S1A_IW_GRDH_1SDV_20190407T194020_20190407T194045_026688_02FEDA_BE1E,6,non-woody,2/8
1,-33.858994679154854,-18.152612834827075,19-04-2019,S1A_IW_GRDH_1SDV_20190419T194020_20190419T194045_026863_030533_79F4,6,non-woody,2/8
2,-20.129339138524053,-8.689888854572255,01-05-2019,S1A_IW_GRDH_1SDV_20190501T194021_20190501T194046_027038_030B91_8978,6,non-woody,2/8
3,-27.03659090784518,-14.767988143650994,13-05-2019,S1A_IW_GRDH_1SDV_20190513T194021_20190513T194046_027213_031167_863B,6,non-woody,2/8
4,-27.724895420990396,-15.286751258406879,25-05-2019,S1A_IW_GRDH_1SDV_20190525T194022_20190525T194047_027388_0316E0_FBDC,6,non-woody,2/8
5,-26.069114578181416,-15.722968265787346,06-06-2019,S1A_IW_GRDH_1SDV_20190606T194022_20190606T194047_027563_031C4A_51BD,6,non-woody,2/8
6,-25.75746794688725,-16.11716878484602,18-06-2019,S1A_IW_GRDH_1SDV_20190618T194023_20190618T194048_027738_032190_46D2,6,non-woody,2/8
7,-24.02498151921401,-14.306994661797487,30-06-2019,S1A_IW_GRDH_1SDV_20190630T194024_20190630T194049_027913_0326C8_43EC,6,non-woody,2/8
8,-20.772061609163156,-11.444294795226032,12-07-2019,S1A_IW_GRDH_1SDV_20190712T194024_20190712T194049_028088_032C17_8ED2,6,non-woody,2/8
9,-22.57921243216378,-14.136700206211806,24-07-2019,S1A_IW_GRDH_1SDV_20190724T194025_20190724T194050_028263_033161_3620,6,non-woody,2/8
10,-24.11662794745995,-15.74610778720539,05-08-2019,S1A_IW_GRDH_1SDV_20190805T194026_20190805T194051_028438_0336BC_6F79,6,non-woody,2/8
11,-24.78273708670299,-15.783430685442267,17-08-2019,S1A_IW_GRDH_1SDV_20190817T194027_20190817T194052_028613_033CA7_D31C,6,non-woody,2/8
12,-25.82556259708091,-16.268940090978557,29-08-2019,S1A_IW_GRDH_1SDV_20190829T194027_20190829T194052_028788_0342C9_20F1,6,non-woody,2/8
13,-31.838877740036718,-16.992851372738368,10-09-2019,S1A_IW_GRDH_1SDV_20190910T194028_20190910T194053_028963_0348E4_4D6E,6,non-woody,2/8
14,-31.33610984887231,-17.932540966887725,22-09-2019,S1A_IW_GRDH_1SDV_20190922T194029_20190922T194054_029138_034ED9_046F,6,non-woody,2/8
15,-31.185036518955116,-17.539011557537044,04-10-2019,S1A_IW_GRDH_1SDV_20191004T194029_20191004T194054_029313_0354E0_FD4D,6,non-woody,2/8
16,-28.38599574370809,-16.801366617495688,16-10-2019,S1A_IW_GRDH_1SDV_20191016T194029_20191016T194054_029488_035AEA_0C5D,6,non-woody,2/8
17,-29.27431286000911,-18.615839000355454,28-10-2019,S1A_IW_GRDH_1SDV_20191028T194029_20191028T194054_029663_0360F5_FDC4,6,non-woody,2/8
18,-32.99043073083696,-18.782806444264562,09-11-2019,S1A_IW_GRDH_1SDV_20191109T194029_20191109T194054_029838_036724_9C22,6,non-woody,2/8
19,-33.9938377979675,-18.96338127870067,21-11-2019,S1A_IW_GRDH_1SDV_20191121T194029_20191121T194054_030013_036D2C_539D,6,non-woody,2/8
20,-28.78479283237613,-18.315086928570928,03-12-2019,S1A_IW_GRDH_1SDV_20191203T194028_20191203T194053_030188_03733E_F411,6,non-woody,2/8
21,-30.26307699500267,-18.607795183623857,15-12-2019,S1A_IW_GRDH_1SDV_20191215T194028_20191215T194053_030363_037949_77E4,6,non-woody,2/8
22,-30.808321440789815,-19.04807678942473,27-12-2019,S1A_IW_GRDH_1SDV_20191227T194027_20191227T194052_030538_037F52_6EE0,6,non-woody,2/8
0,-30.398379385627667,-17.965870837398473,07-04-2019,S1A_IW_GRDH_1SDV_20190407T194020_20190407T194045_026688_02FEDA_BE1E,7,non-woody,3/8
1,-27.955499132959222,-18.389201873058113,19-04-2019,S1A_IW_GRDH_1SDV_20190419T194020_20190419T194045_026863_030533_79F4,7,non-woody,3/8
2,-19.458277557282155,-10.10522583253338,01-05-2019,S1A_IW_GRDH_1SDV_20190501T194021_20190501T194046_027038_030B91_8978,7,non-woody,3/8
3,-27.003949813819847,-17.849363015163647,13-05-2019,S1A_IW_GRDH_1SDV_20190513T194021_20190513T194046_027213_031167_863B,7,non-woody,3/8
4,-28.538521913404924,-16.594170543712913,25-05-2019,S1A_IW_GRDH_1SDV_20190525T194022_20190525T194047_027388_0316E0_FBDC,7,non-woody,3/8
5,-28.2552679445506,-17.703983553256382,06-06-2019,S1A_IW_GRDH_1SDV_20190606T194022_20190606T194047_027563_031C4A_51BD,7,non-woody,3/8
6,-31.331570055345825,-17.98206951283617,18-06-2019,S1A_IW_GRDH_1SDV_20190618T194023_20190618T194048_027738_032190_46D2,7,non-woody,3/8
7,-26.483641573237932,-15.914033180496927,30-06-2019,S1A_IW_GRDH_1SDV_20190630T194024_20190630T194049_027913_0326C8_43EC,7,non-woody,3/8
8,-19.55105566156524,-13.050635546627568,12-07-2019,S1A_IW_GRDH_1SDV_20190712T194024_20190712T194049_028088_032C17_8ED2,7,non-woody,3/8
9,-22.51280989413618,-15.325272045050893,24-07-2019,S1A_IW_GRDH_1SDV_20190724T194025_20190724T194050_028263_033161_3620,7,non-woody,3/8
10,-25.44362688788955,-16.23405256896301,05-08-2019,S1A_IW_GRDH_1SDV_20190805T194026_20190805T194051_028438_0336BC_6F79,7,non-woody,3/8
11,-20.701852434432507,-14.591785364044155,17-08-2019,S1A_IW_GRDH_1SDV_20190817T194027_20190817T194052_028613_033CA7_D31C,7,non-woody,3/8
12,-23.356859056123398,-15.44475289796554,29-08-2019,S1A_IW_GRDH_1SDV_20190829T194027_20190829T194052_028788_0342C9_20F1,7,non-woody,3/8
13,-24.850151869050922,-17.204740944450492,10-09-2019,S1A_IW_GRDH_1SDV_20190910T194028_20190910T194053_028963_0348E4_4D6E,7,non-woody,3/8
14,-25.690556343114032,-17.78366264961326,22-09-2019,S1A_IW_GRDH_1SDV_20190922T194029_20190922T194054_029138_034ED9_046F,7,non-woody,3/8
15,-27.170480667811287,-17.935821834994467,04-10-2019,S1A_IW_GRDH_1SDV_20191004T194029_20191004T194054_029313_0354E0_FD4D,7,non-woody,3/8
16,-26.680694562480273,-17.718206501748067,16-10-2019,S1A_IW_GRDH_1SDV_20191016T194029_20191016T194054_029488_035AEA_0C5D,7,non-woody,3/8
17,-28.403792371266622,-17.445900556861044,28-10-2019,S1A_IW_GRDH_1SDV_20191028T194029_20191028T194054_029663_0360F5_FDC4,7,non-woody,3/8
18,-29.12043726387295,-17.75973459694883,09-11-2019,S1A_IW_GRDH_1SDV_20191109T194029_20191109T194054_029838_036724_9C22,7,non-woody,3/8
19,-27.21090391832678,-17.47665070480722,21-11-2019,S1A_IW_GRDH_1SDV_20191121T194029_20191121T194054_030013_036D2C_539D,7,non-woody,3/8
20,-27.12353198960065,-17.517696121734957,03-12-2019,S1A_IW_GRDH_1SDV_20191203T194028_20191203T194053_030188_03733E_F411,7,non-woody,3/8
21,-26.242327688895514,-17.173987664453072,15-12-2019,S1A_IW_GRDH_1SDV_20191215T194028_20191215T194053_030363_037949_77E4,7,non-woody,3/8
22,-25.266821798384345,-18.008544062636474,27-12-2019,S1A_IW_GRDH_1SDV_20191227T194027_20191227T194052_030538_037F52_6EE0,7,non-woody,3/8
0,-27.737027479433713,-18.391890200406085,07-04-2019,S1A_IW_GRDH_1SDV_20190407T194020_20190407T194045_026688_02FEDA_BE1E,8,non-woody,5/8
1,-27.01429948703968,-17.60593815633064,19-04-2019,S1A_IW_GRDH_1SDV_20190419T194020_20190419T194045_026863_030533_79F4,8,non-woody,5/8
2,-18.477374645746394,-9.85250031175675,01-05-2019,S1A_IW_GRDH_1SDV_20190501T194021_20190501T194046_027038_030B91_8978,8,non-woody,5/8
3,-28.75327124306823,-17.321514737327504,13-05-2019,S1A_IW_GRDH_1SDV_20190513T194021_20190513T194046_027213_031167_863B,8,non-woody,5/8
4,-29.53849614006024,-15.758802081817565,25-05-2019,S1A_IW_GRDH_1SDV_20190525T194022_20190525T194047_027388_0316E0_FBDC,8,non-woody,5/8
5,-29.360295784734703,-17.366565585100137,06-06-2019,S1A_IW_GRDH_1SDV_20190606T194022_20190606T194047_027563_031C4A_51BD,8,non-woody,5/8
6,-32.825946673110685,-18.08935630230453,18-06-2019,S1A_IW_GRDH_1SDV_20190618T194023_20190618T194048_027738_032190_46D2,8,non-woody,5/8
7,-27.443938699725557,-15.660433324758676,30-06-2019,S1A_IW_GRDH_1SDV_20190630T194024_20190630T194049_027913_0326C8_43EC,8,non-woody,5/8
8,-21.365427036692193,-12.713353211091395,12-07-2019,S1A_IW_GRDH_1SDV_20190712T194024_20190712T194049_028088_032C17_8ED2,8,non-woody,5/8
9,-22.776158688043846,-13.132230565406429,24-07-2019,S1A_IW_GRDH_1SDV_20190724T194025_20190724T194050_028263_033161_3620,8,non-woody,5/8
10,-25.320893480869056,-14.72428694088725,05-08-2019,S1A_IW_GRDH_1SDV_20190805T194026_20190805T194051_028438_0336BC_6F79,8,non-woody,5/8
11,-20.779282535975135,-14.95860489771988,17-08-2019,S1A_IW_GRDH_1SDV_20190817T194027_20190817T194052_028613_033CA7_D31C,8,non-woody,5/8
12,-22.36985157177106,-15.506830533499354,29-08-2019,S1A_IW_GRDH_1SDV_20190829T194027_20190829T194052_028788_0342C9_20F1,8,non-woody,5/8
13,-23.66978874043717,-16.568847433361565,10-09-2019,S1A_IW_GRDH_1SDV_20190910T194028_20190910T194053_028963_0348E4_4D6E,8,non-woody,5/8
14,-22.655918807534455,-14.680786269482047,22-09-2019,S1A_IW_GRDH_1SDV_20190922T194029_20190922T194054_029138_034ED9_046F,8,non-woody,5/8
15,-21.40630846252682,-15.985775940474765,04-10-2019,S1A_IW_GRDH_1SDV_20191004T194029_20191004T194054_029313_0354E0_FD4D,8,non-woody,5/8
16,-21.791706174324645,-14.916503738751407,16-10-2019,S1A_IW_GRDH_1SDV_20191016T194029_20191016T194054_029488_035AEA_0C5D,8,non-woody,5/8
17,-23.116739754847558,-16.966523007657393,28-10-2019,S1A_IW_GRDH_1SDV_20191028T194029_20191028T194054_029663_0360F5_FDC4,8,non-woody,5/8
18,-22.954835624608382,-15.73223784197981,09-11-2019,S1A_IW_GRDH_1SDV_20191109T194029_20191109T194054_029838_036724_9C22,8,non-woody,5/8
19,-21.139183260287282,-15.729817793523427,21-11-2019,S1A_IW_GRDH_1SDV_20191121T194029_20191121T194054_030013_036D2C_539D,8,non-woody,5/8
20,-23.427203060850168,-16.509196641305703,03-12-2019,S1A_IW_GRDH_1SDV_20191203T194028_20191203T194053_030188_03733E_F411,8,non-woody,5/8
21,-20.975846235898505,-15.221138159577327,15-12-2019,S1A_IW_GRDH_1SDV_20191215T194028_20191215T194053_030363_037949_77E4,8,non-woody,5/8
22,-20.602980906401612,-14.588441916905015,27-12-2019,S1A_IW_GRDH_1SDV_20191227T194027_20191227T194052_030538_037F52_6EE0,8,non-woody,5/8
0,-32.45736440459599,-19.887268462455282,07-04-2019,S1A_IW_GRDH_1SDV_20190407T194020_20190407T194045_026688_02FEDA_BE1E,9,non-woody,3/8
1,-33.004437710553375,-18.560577659270038,19-04-2019,S1A_IW_GRDH_1SDV_20190419T194020_20190419T194045_026863_030533_79F4,9,non-woody,3/8
2,-18.481102978357733,-10.899921169583134,01-05-2019,S1A_IW_GRDH_1SDV_20190501T194021_20190501T194046_027038_030B91_8978,9,non-woody,3/8
3,-26.61485000991719,-15.581096306141909,13-05-2019,S1A_IW_GRDH_1SDV_20190513T194021_20190513T194046_027213_031167_863B,9,non-woody,3/8
4,-28.597790331575926,-16.42799124881387,25-05-2019,S1A_IW_GRDH_1SDV_20190525T194022_20190525T194047_027388_0316E0_FBDC,9,non-woody,3/8
5,-29.70377813952307,-17.05762701378885,06-06-2019,S1A_IW_GRDH_1SDV_20190606T194022_20190606T194047_027563_031C4A_51BD,9,non-woody,3/8
6,-30.32468800875845,-18.2409540948626,18-06-2019,S1A_IW_GRDH_1SDV_20190618T194023_20190618T194048_027738_032190_46D2,9,non-woody,3/8
7,-27.70587683927643,-15.856977618014223,30-06-2019,S1A_IW_GRDH_1SDV_20190630T194024_20190630T194049_027913_0326C8_43EC,9,non-woody,3/8
8,-23.851563550393564,-13.2751390855622,12-07-2019,S1A_IW_GRDH_1SDV_20190712T194024_20190712T194049_028088_032C17_8ED2,9,non-woody,3/8
9,-27.247219361750524,-16.009612761379596,24-07-2019,S1A_IW_GRDH_1SDV_20190724T194025_20190724T194050_028263_033161_3620,9,non-woody,3/8
10,-24.887673102793197,-15.645719791297411,05-08-2019,S1A_IW_GRDH_1SDV_20190805T194026_20190805T194051_028438_0336BC_6F79,9,non-woody,3/8
11,-28.460180053054888,-17.276121382006036,17-08-2019,S1A_IW_GRDH_1SDV_20190817T194027_20190817T194052_028613_033CA7_D31C,9,non-woody,3/8
12,-25.237322253489566,-18.191811904970205,29-08-2019,S1A_IW_GRDH_1SDV_20190829T194027_20190829T194052_028788_0342C9_20F1,9,non-woody,3/8
13,-31.32748300745051,-18.382818883967346,10-09-2019,S1A_IW_GRDH_1SDV_20190910T194028_20190910T194053_028963_0348E4_4D6E,9,non-woody,3/8
14,-28.664309328489672,-18.02692141400224,22-09-2019,S1A_IW_GRDH_1SDV_20190922T194029_20190922T194054_029138_034ED9_046F,9,non-woody,3/8
15,-27.974610288547456,-16.541805971443726,04-10-2019,S1A_IW_GRDH_1SDV_20191004T194029_20191004T194054_029313_0354E0_FD4D,9,non-woody,3/8
16,-25.698275978598865,-16.70316415404992,16-10-2019,S1A_IW_GRDH_1SDV_20191016T194029_20191016T194054_029488_035AEA_0C5D,9,non-woody,3/8
17,-29.644972921885024,-17.424825240966218,28-10-2019,S1A_IW_GRDH_1SDV_20191028T194029_20191028T194054_029663_0360F5_FDC4,9,non-woody,3/8
18,-25.415609923724315,-17.471397147217743,09-11-2019,S1A_IW_GRDH_1SDV_20191109T194029_20191109T194054_029838_036724_9C22,9,non-woody,3/8
19,-27.06335331099399,-16.483170316308815,21-11-2019,S1A_IW_GRDH_1SDV_20191121T194029_20191121T194054_030013_036D2C_539D,9,non-woody,3/8
20,-28.192162121596112,-17.335349435482986,03-12-2019,S1A_IW_GRDH_1SDV_20191203T194028_20191203T194053_030188_03733E_F411,9,non-woody,3/8
21,-26.348547480606285,-17.310271125018726,15-12-2019,S1A_IW_GRDH_1SDV_20191215T194028_20191215T194053_030363_037949_77E4,9,non-woody,3/8
22,-27.194634086427868,-17.261231686455396,27-12-2019,S1A_IW_GRDH_1SDV_20191227T194027_20191227T194052_030538_037F52_6EE0,9,non-woody,3/8
0,-24.193563514063015,-14.458711097225375,07-04-2019,S1A_IW_GRDH_1SDV_20190407T194020_20190407T194045_026688_02FEDA_BE1E,10,waterbody,8/8
1,-24.078437479206066,-14.41269285474063,19-04-2019,S1A_IW_GRDH_1SDV_20190419T194020_20190419T194045_026863_030533_79F4,10,waterbody,8/8
2,-17.854214897597164,-10.040976806316934,01-05-2019,S1A_IW_GRDH_1SDV_20190501T194021_20190501T194046_027038_030B91_8978,10,waterbody,8/8
3,-22.30100434930944,-11.256084742507603,13-05-2019,S1A_IW_GRDH_1SDV_20190513T194021_20190513T194046_027213_031167_863B,10,waterbody,8/8
4,-23.129819451713473,-13.09719992530262,25-05-2019,S1A_IW_GRDH_1SDV_20190525T194022_20190525T194047_027388_0316E0_FBDC,10,waterbody,8/8
5,-21.12075617336238,-11.616818649890444,06-06-2019,S1A_IW_GRDH_1SDV_20190606T194022_20190606T194047_027563_031C4A_51BD,10,waterbody,8/8
6,-23.31632541743223,-13.013594552384113,18-06-2019,S1A_IW_GRDH_1SDV_20190618T194023_20190618T194048_027738_032190_46D2,10,waterbody,8/8
7,-25.175426998944594,-15.353120989546134,30-06-2019,S1A_IW_GRDH_1SDV_20190630T194024_20190630T194049_027913_0326C8_43EC,10,waterbody,8/8
8,-26.271711442253835,-15.37456277866498,12-07-2019,S1A_IW_GRDH_1SDV_20190712T194024_20190712T194049_028088_032C17_8ED2,10,waterbody,8/8
9,-21.443724371367534,-11.898473340306312,24-07-2019,S1A_IW_GRDH_1SDV_20190724T194025_20190724T194050_028263_033161_3620,10,waterbody,8/8
10,-22.97533651961748,-12.376174881484793,05-08-2019,S1A_IW_GRDH_1SDV_20190805T194026_20190805T194051_028438_0336BC_6F79,10,waterbody,8/8
11,-25.153594793152077,-13.606664571425455,17-08-2019,S1A_IW_GRDH_1SDV_20190817T194027_20190817T194052_028613_033CA7_D31C,10,waterbody,8/8
12,-25.570553108531644,-13.90514691399489,29-08-2019,S1A_IW_GRDH_1SDV_20190829T194027_20190829T194052_028788_0342C9_20F1,10,waterbody,8/8
13,-25.80460131614911,-15.461176476540997,10-09-2019,S1A_IW_GRDH_1SDV_20190910T194028_20190910T194053_028963_0348E4_4D6E,10,waterbody,8/8
14,-26.076280634838064,-15.480633023414933,22-09-2019,S1A_IW_GRDH_1SDV_20190922T194029_20190922T194054_029138_034ED9_046F,10,waterbody,8/8
15,-25.69941947003838,-15.387106299264289,04-10-2019,S1A_IW_GRDH_1SDV_20191004T194029_20191004T194054_029313_0354E0_FD4D,10,waterbody,8/8
16,-26.250877751583275,-14.926313983311912,16-10-2019,S1A_IW_GRDH_1SDV_20191016T194029_20191016T194054_029488_035AEA_0C5D,10,waterbody,8/8
17,-23.98694288988695,-14.479533787737031,28-10-2019,S1A_IW_GRDH_1SDV_20191028T194029_20191028T194054_029663_0360F5_FDC4,10,waterbody,8/8
18,-22.373858987137726,-15.544350196928804,09-11-2019,S1A_IW_GRDH_1SDV_20191109T194029_20191109T194054_029838_036724_9C22,10,waterbody,8/8
19,-22.52333357994966,-14.719972478521495,21-11-2019,S1A_IW_GRDH_1SDV_20191121T194029_20191121T194054_030013_036D2C_539D,10,waterbody,8/8
20,-19.996292466358433,-11.626276725669257,03-12-2019,S1A_IW_GRDH_1SDV_20191203T194028_20191203T194053_030188_03733E_F411,10,waterbody,8/8
21,-20.80292360663293,-13.804700893166347,15-12-2019,S1A_IW_GRDH_1SDV_20191215T194028_20191215T194053_030363_037949_77E4,10,waterbody,8/8
22,-20.86895466937577,-12.360129925076967,27-12-2019,S1A_IW_GRDH_1SDV_20191227T194027_20191227T194052_030538_037F52_6EE0,10,waterbody,8/8
0,-20.34668844398071,-13.778260519279373,07-04-2019,S1A_IW_GRDH_1SDV_20190407T194020_20190407T194045_026688_02FEDA_BE1E,11,woody,4/5
1,-18.798499049754394,-13.14562856750881,19-04-2019,S1A_IW_GRDH_1SDV_20190419T194020_20190419T194045_026863_030533_79F4,11,woody,4/5
2,-15.44178425437018,-9.007954028646145,01-05-2019,S1A_IW_GRDH_1SDV_20190501T194021_20190501T194046_027038_030B91_8978,11,woody,4/5
3,-19.477709107374498,-12.740785853643542,13-05-2019,S1A_IW_GRDH_1SDV_20190513T194021_20190513T194046_027213_031167_863B,11,woody,4/5
4,-19.64374358221722,-12.778857454376768,25-05-2019,S1A_IW_GRDH_1SDV_20190525T194022_20190525T194047_027388_0316E0_FBDC,11,woody,4/5
5,-20.069976424722594,-12.50566904673049,06-06-2019,S1A_IW_GRDH_1SDV_20190606T194022_20190606T194047_027563_031C4A_51BD,11,woody,4/5
6,-20.587913528872072,-13.096684001521119,18-06-2019,S1A_IW_GRDH_1SDV_20190618T194023_20190618T194048_027738_032190_46D2,11,woody,4/5
7,-18.153018477811184,-11.198552628342664,30-06-2019,S1A_IW_GRDH_1SDV_20190630T194024_20190630T194049_027913_0326C8_43EC,11,woody,4/5
8,-18.448615209393616,-11.204117120608977,12-07-2019,S1A_IW_GRDH_1SDV_20190712T194024_20190712T194049_028088_032C17_8ED2,11,woody,4/5
9,-19.745544781993036,-12.654680461032617,24-07-2019,S1A_IW_GRDH_1SDV_20190724T194025_20190724T194050_028263_033161_3620,11,woody,4/5
10,-18.837920933970334,-13.774098313719056,05-08-2019,S1A_IW_GRDH_1SDV_20190805T194026_20190805T194051_028438_0336BC_6F79,11,woody,4/5
11,-18.196521361186555,-13.02636215575247,17-08-2019,S1A_IW_GRDH_1SDV_20190817T194027_20190817T194052_028613_033CA7_D31C,11,woody,4/5
12,-20.484452952575033,-13.548836877624195,29-08-2019,S1A_IW_GRDH_1SDV_20190829T194027_20190829T194052_028788_0342C9_20F1,11,woody,4/5
13,-19.484236451046296,-12.845430954202053,10-09-2019,S1A_IW_GRDH_1SDV_20190910T194028_20190910T194053_028963_0348E4_4D6E,11,woody,4/5
14,-18.902665761511265,-14.141886432495722,22-09-2019,S1A_IW_GRDH_1SDV_20190922T194029_20190922T194054_029138_034ED9_046F,11,woody,4/5
15,-18.747048868460414,-12.851300941767375,04-10-2019,S1A_IW_GRDH_1SDV_20191004T194029_20191004T194054_029313_0354E0_FD4D,11,woody,4/5
16,-19.161285673038925,-12.719857917630218,16-10-2019,S1A_IW_GRDH_1SDV_20191016T194029_20191016T194054_029488_035AEA_0C5D,11,woody,4/5
17,-19.61181055599933,-13.409443214140307,28-10-2019,S1A_IW_GRDH_1SDV_20191028T194029_20191028T194054_029663_0360F5_FDC4,11,woody,4/5
18,-19.191381069434645,-14.044624135765558,09-11-2019,S1A_IW_GRDH_1SDV_20191109T194029_20191109T194054_029838_036724_9C22,11,woody,4/5
19,-19.833705112107207,-13.045473080765467,21-11-2019,S1A_IW_GRDH_1SDV_20191121T194029_20191121T194054_030013_036D2C_539D,11,woody,4/5
20,-19.714518987681345,-13.503332713446312,03-12-2019,S1A_IW_GRDH_1SDV_20191203T194028_20191203T194053_030188_03733E_F411,11,woody,4/5
21,-19.65876966268441,-12.739007726355723,15-12-2019,S1A_IW_GRDH_1SDV_20191215T194028_20191215T194053_030363_037949_77E4,11,woody,4/5
22,-19.45645499827748,-12.638910014880068,27-12-2019,S1A_IW_GRDH_1SDV_20191227T194027_20191227T194052_030538_037F52_6EE0,11,woody,4/5
0,-19.577302307737565,-13.277710055669854,07-04-2019,S1A_IW_GRDH_1SDV_20190407T194020_20190407T194045_026688_02FEDA_BE1E,12,non-woody,7/8
1,-19.836795451573416,-13.665667699086132,19-04-2019,S1A_IW_GRDH_1SDV_20190419T194020_20190419T194045_026863_030533_79F4,12,non-woody,7/8
2,-16.376233450702955,-9.726805698749198,01-05-2019,S1A_IW_GRDH_1SDV_20190501T194021_20190501T194046_027038_030B91_8978,12,non-woody,7/8
3,-21.685850099988922,-12.71151131549703,13-05-2019,S1A_IW_GRDH_1SDV_20190513T194021_20190513T194046_027213_031167_863B,12,non-woody,7/8
4,-21.023660742373902,-12.467570478275254,25-05-2019,S1A_IW_GRDH_1SDV_20190525T194022_20190525T194047_027388_0316E0_FBDC,12,non-woody,7/8
5,-20.448804608343917,-12.046862974517499,06-06-2019,S1A_IW_GRDH_1SDV_20190606T194022_20190606T194047_027563_031C4A_51BD,12,non-woody,7/8
6,-20.163409590277386,-12.378812036688267,18-06-2019,S1A_IW_GRDH_1SDV_20190618T194023_20190618T194048_027738_032190_46D2,12,non-woody,7/8
7,-22.974970139902734,-13.494761946315439,30-06-2019,S1A_IW_GRDH_1SDV_20190630T194024_20190630T194049_027913_0326C8_43EC,12,non-woody,7/8
8,-22.740932945800978,-11.91564757362279,12-07-2019,S1A_IW_GRDH_1SDV_20190712T194024_20190712T194049_028088_032C17_8ED2,12,non-woody,7/8
9,-19.341009576317855,-10.832676587123625,24-07-2019,S1A_IW_GRDH_1SDV_20190724T194025_20190724T194050_028263_033161_3620,12,non-woody,7/8
10,-19.94057071063262,-12.192517460463678,05-08-2019,S1A_IW_GRDH_1SDV_20190805T194026_20190805T194051_028438_0336BC_6F79,12,non-woody,7/8
11,-18.422684691508167,-12.583469242564263,17-08-2019,S1A_IW_GRDH_1SDV_20190817T194027_20190817T194052_028613_033CA7_D31C,12,non-woody,7/8
12,-19.631016322702227,-14.363070823255608,29-08-2019,S1A_IW_GRDH_1SDV_20190829T194027_20190829T194052_028788_0342C9_20F1,12,non-woody,7/8
13,-23.070680321016482,-15.831846093830476,10-09-2019,S1A_IW_GRDH_1SDV_20190910T194028_20190910T194053_028963_0348E4_4D6E,12,non-woody,7/8
14,-20.286851423834253,-14.625610721386973,22-09-2019,S1A_IW_GRDH_1SDV_20190922T194029_20190922T194054_029138_034ED9_046F,12,non-woody,7/8
15,-18.859511467322505,-12.41270744066652,04-10-2019,S1A_IW_GRDH_1SDV_20191004T194029_20191004T194054_029313_0354E0_FD4D,12,non-woody,7/8
16,-21.407836501477814,-13.172634814604427,16-10-2019,S1A_IW_GRDH_1SDV_20191016T194029_20191016T194054_029488_035AEA_0C5D,12,non-woody,7/8
17,-20.257009892842394,-15.217276945578625,28-10-2019,S1A_IW_GRDH_1SDV_20191028T194029_20191028T194054_029663_0360F5_FDC4,12,non-woody,7/8
18,-21.34993464608084,-14.983959699757923,09-11-2019,S1A_IW_GRDH_1SDV_20191109T194029_20191109T194054_029838_036724_9C22,12,non-woody,7/8
19,-19.85596761191522,-12.830690529279584,21-11-2019,S1A_IW_GRDH_1SDV_20191121T194029_20191121T194054_030013_036D2C_539D,12,non-woody,7/8
20,-18.453753876271787,-12.601851505948257,03-12-2019,S1A_IW_GRDH_1SDV_20191203T194028_20191203T194053_030188_03733E_F411,12,non-woody,7/8
21,-18.889414812602745,-14.43027708666134,15-12-2019,S1A_IW_GRDH_1SDV_20191215T194028_20191215T194053_030363_037949_77E4,12,non-woody,7/8
22,-19.905006705374863,-12.890374714324144,27-12-2019,S1A_IW_GRDH_1SDV_20191227T194027_20191227T194052_030538_037F52_6EE0,12,non-woody,7/8
0,-20.49594515175445,-13.523573060047417,07-04-2019,S1A_IW_GRDH_1SDV_20190407T194020_20190407T194045_026688_02FEDA_BE1E,13,woody,1/8
1,-20.50772803683071,-13.39788731417314,19-04-2019,S1A_IW_GRDH_1SDV_20190419T194020_20190419T194045_026863_030533_79F4,13,woody,1/8
2,-14.703134397225448,-7.909926803545214,01-05-2019,S1A_IW_GRDH_1SDV_20190501T194021_20190501T194046_027038_030B91_8978,13,woody,1/8
3,-18.52611417306665,-11.86593737898251,13-05-2019,S1A_IW_GRDH_1SDV_20190513T194021_20190513T194046_027213_031167_863B,13,woody,1/8
4,-19.177147250008773,-12.296348707470521,25-05-2019,S1A_IW_GRDH_1SDV_20190525T194022_20190525T194047_027388_0316E0_FBDC,13,woody,1/8
5,-20.519098854530252,-13.156148427868802,06-06-2019,S1A_IW_GRDH_1SDV_20190606T194022_20190606T194047_027563_031C4A_51BD,13,woody,1/8
6,-20.849305170535715,-12.56549314528431,18-06-2019,S1A_IW_GRDH_1SDV_20190618T194023_20190618T194048_027738_032190_46D2,13,woody,1/8
7,-18.339911983046854,-11.028921549776618,30-06-2019,S1A_IW_GRDH_1SDV_20190630T194024_20190630T194049_027913_0326C8_43EC,13,woody,1/8
8,-17.78416024674594,-11.144206592567976,12-07-2019,S1A_IW_GRDH_1SDV_20190712T194024_20190712T194049_028088_032C17_8ED2,13,woody,1/8
9,-18.496274153330404,-11.594591717426525,24-07-2019,S1A_IW_GRDH_1SDV_20190724T194025_20190724T194050_028263_033161_3620,13,woody,1/8
10,-19.377839716649465,-12.50306909403991,05-08-2019,S1A_IW_GRDH_1SDV_20190805T194026_20190805T194051_028438_0336BC_6F79,13,woody,1/8
11,-19.296011878427432,-11.718787189494753,17-08-2019,S1A_IW_GRDH_1SDV_20190817T194027_20190817T194052_028613_033CA7_D31C,13,woody,1/8
12,-20.317776132076474,-12.808453580717648,29-08-2019,S1A_IW_GRDH_1SDV_20190829T194027_20190829T194052_028788_0342C9_20F1,13,woody,1/8
13,-20.048070244362872,-13.333905310223559,10-09-2019,S1A_IW_GRDH_1SDV_20190910T194028_20190910T194053_028963_0348E4_4D6E,13,woody,1/8
14,-22.216561128681004,-12.953669520776529,22-09-2019,S1A_IW_GRDH_1SDV_20190922T194029_20190922T194054_029138_034ED9_046F,13,woody,1/8
15,-19.312212201703016,-13.399817550202327,04-10-2019,S1A_IW_GRDH_1SDV_20191004T194029_20191004T194054_029313_0354E0_FD4D,13,woody,1/8
16,-20.384338868336286,-12.999333142999477,16-10-2019,S1A_IW_GRDH_1SDV_20191016T194029_20191016T194054_029488_035AEA_0C5D,13,woody,1/8
17,-21.64102784172611,-14.285439260343871,28-10-2019,S1A_IW_GRDH_1SDV_20191028T194029_20191028T194054_029663_0360F5_FDC4,13,woody,1/8
18,-20.85086488831222,-13.663338508624848,09-11-2019,S1A_IW_GRDH_1SDV_20191109T194029_20191109T194054_029838_036724_9C22,13,woody,1/8
19,-21.272261604939672,-14.317316701080298,21-11-2019,S1A_IW_GRDH_1SDV_20191121T194029_20191121T194054_030013_036D2C_539D,13,woody,1/8
20,-20.372682807888875,-13.560070247112007,03-12-2019,S1A_IW_GRDH_1SDV_20191203T194028_20191203T194053_030188_03733E_F411,13,woody,1/8
21,-20.495127385881776,-13.246854813706662,15-12-2019,S1A_IW_GRDH_1SDV_20191215T194028_20191215T194053_030363_037949_77E4,13,woody,1/8
22,-19.815492245171217,-13.294037425477738,27-12-2019,S1A_IW_GRDH_1SDV_20191227T194027_20191227T194052_030538_037F52_6EE0,13,woody,1/8
